Pregnancies,Glucose,BloodPressure,SkinThickness,Insulin,BMI,DiabetesPedigreeFunction,Age,Outcome
10,111,70,27,0,27.5,0.141,40,1
2,102,86,36,120,45.5,0.127,23,1
2,134,70,0,0,28.9,0.542,23,1
12,92,62,7,258,27.6,0.9259999999999999,44,1
0,95,85,25,36,37.4,0.247,24,1
0,104,64,37,64,33.6,0.51,22,1
3,80,82,31,70,34.2,1.2919999999999998,27,1
9,119,80,35,0,29.0,0.263,29,1
8,120,86,0,0,28.4,0.259,22,1
5,85,74,22,0,29.0,1.224,32,1
